{"charts/learning_rate":5.2083333e-06,"losses/approx_kl":7.660128e-08,"charts/SPS":785,"losses/value_loss":74.25113,"losses/policy_loss":-7.5737946e-05,"charts/episodic_return":99,"charts/episodic_length":99,"_step":1176,"global_step":24576,"_timestamp":1.7443791894450786e+09,"_wandb":{"runtime":39},"_runtime":39.320622519,"losses/clipfrac":0,"losses/entropy":0.596811,"losses/old_approx_kl":3.1600008e-05,"losses/explained_variance":0.047794282}